modele,variable,effet_points,ic95_bas,ic95_haut,p_value,significatif_5pct
Q1a Luxe (contrôles seuls),maison_luxe,-4.52,-5.74,-3.29,0.0,oui
Q1b Luxe + prix,maison_luxe,-3.47,-4.87,-2.07,0.0,oui
Q1b Luxe + prix,log_prix,-1.47,-2.29,-0.65,0.0004,oui
Q2 Tranches de prix,"C(tranche_prix, Treatment('25-50$'))[T.<25$]",1.93,0.49,3.37,0.0087,oui
Q2 Tranches de prix,"C(tranche_prix, Treatment('25-50$'))[T.50-100$]",-0.89,-2.01,0.23,0.1202,non
Q2 Tranches de prix,"C(tranche_prix, Treatment('25-50$'))[T.100-200$]",0.38,-1.37,2.12,0.674,non
Q2 Tranches de prix,"C(tranche_prix, Treatment('25-50$'))[T.>200$]",2.88,-0.24,5.99,0.0703,non
Q2 Tranches de prix,maison_luxe,-4.35,-5.66,-3.04,0.0,oui
Q2b Luxe très cher (> 200 $),maison_luxe,-5.05,-6.21,-3.9,0.0,oui
Q2b Luxe très cher (> 200 $),I(price_usd > 200)[T.True],-0.52,-3.51,2.48,0.7344,non
Q2b Luxe très cher (> 200 $),maison_luxe:I(price_usd > 200)[T.True],6.97,1.77,12.17,0.0086,oui
Q3/Q4 Attributs (sans contrôle cadeau),new,-5.99,-8.46,-3.52,0.0,oui
Q3/Q4 Attributs (sans contrôle cadeau),sephora_exclusive,-0.14,-1.13,0.84,0.7771,non
Q3/Q4 Attributs (sans contrôle cadeau),limited_edition,-0.07,-2.39,2.24,0.952,non
Q3/Q4 Attributs (sans contrôle cadeau),online_only,-1.95,-3.29,-0.61,0.0043,oui
Q3/Q4 Attributs (avec contrôle cadeau),new,-5.72,-7.81,-3.63,0.0,oui
Q3/Q4 Attributs (avec contrôle cadeau),sephora_exclusive,-0.01,-0.91,0.89,0.9808,non
Q3/Q4 Attributs (avec contrôle cadeau),limited_edition,-0.57,-3.26,2.12,0.6794,non
Q3/Q4 Attributs (avec contrôle cadeau),online_only,-1.57,-2.72,-0.42,0.0076,oui
Q3/Q4 Attributs (avec contrôle cadeau),recu_gratuit,-8.32,-8.89,-7.75,0.0,oui
Robustesse logit (effets marginaux),maison_luxe,-3.73,-4.39,-3.08,0.0,oui
Robustesse logit (effets marginaux),log_prix,-1.01,-1.2,-0.82,0.0,oui
Robustesse logit (effets marginaux),new,-6.78,-7.87,-5.7,0.0,oui
Robustesse logit (effets marginaux),sephora_exclusive,0.18,-0.11,0.47,0.2131,non
Robustesse logit (effets marginaux),recu_gratuit,-14.19,-14.89,-13.5,0.0,oui
